term,chisq,df,pr_chisq,signif
(Intercept),46.853502732605754,1,7.649625426082503e-12,***
guild,153.09468898925354,2,5.700470225677325e-34,***
"poly(elevation_mean, elev_poly)",1.9936287065864278,1,0.15796198279295776,
regions,16.261131665276675,2,2.9440157165012086e-4,***
"guild:poly(elevation_mean, elev_poly)",25.28705516868552,2,3.2283881038632647e-6,***
guild:regions,49.91433030245065,4,3.762687504596694e-10,***
"poly(elevation_mean, elev_poly):regions",3.987171106426712,2,0.13620617436561616,
"guild:poly(elevation_mean, elev_poly):regions",11.164955019714371,4,0.024771380256280656,*
